{"account":{"balance":100269.88399999999,"buyingPower":100134.942,"realizedPnl":134.94199999999984,"openPositions":[]}}